[{"pos_x": -7.588816, "pos_y": 9.038499, "rotation": 90.0, "side": "top", "designator": "J4", "mpn": null, "pack": "USB_Micro-B_Wuerth_629105150521", "value": "USB_OTG", "mount_type": "smt", "place": true}, {"pos_x": -24.08, "pos_y": 9.142, "rotation": 90.0, "side": "top", "designator": "R3", "mpn": null, "pack": "R_0402_1005Metric", "value": "330", "mount_type": "smt", "place": true}, {"pos_x": -11.106, "pos_y": 26.85, "rotation": 0.0, "side": "top", "designator": "C5", "mpn": null, "pack": "C_0402_1005Metric", "value": "100n", "mount_type": "smt", "place": true}, {"pos_x": -28.786, "pos_y": 6.375, "rotation": 180.0, "side": "top", "designator": "C6", "mpn": null, "pack": "C_0402_1005Metric", "value": "100n", "mount_type": "smt", "place": true}, {"pos_x": -26.756, "pos_y": 31.95, "rotation": 180.0, "side": "top", "designator": "R1", "mpn": null, "pack": "R_0402_1005Metric", "value": "10k", "mount_type": "smt", "place": true}, {"pos_x": -38.906, "pos_y": 29.125, "rotation": -90.0, "side": "top", "designator": "SW2", "mpn": null, "pack": "SW_SPST_B3U-3000P-B", "value": "SW_DIP_x01", "mount_type": "smt", "place": true}, {"pos_x": -39.606, "pos_y": 13.3, "rotation": 90.0, "side": "top", "designator": "C7", "mpn": null, "pack": "C_0402_1005Metric", "value": "100n", "mount_type": "smt", "place": true}, {"pos_x": -12.306, "pos_y": 20.75, "rotation": -90.0, "side": "top", "designator": "U2", "mpn": null, "pack": "SOT-223", "value": "LM1117-3.3", "mount_type": "smt", "place": true}, {"pos_x": -31.156, "pos_y": 30.25, "rotation": -90.0, "side": "top", "designator": "SW1", "mpn": null, "pack": "SW_SPST_B3U-3000P-B", "value": "SW_DIP_x01", "mount_type": "smt", "place": true}, {"pos_x": -55.756, "pos_y": 13.05, "rotation": -90.0, "side": "top", "designator": "J2", "mpn": null, "pack": "JST_XH_B4B-XH-A_1x04_P2.50mm_Vertical", "value": "BMP Debug2", "mount_type": "tht", "place": true}, {"pos_x": -35.631, "pos_y": 29.25, "rotation": -90.0, "side": "top", "designator": "C1", "mpn": null, "pack": "C_0402_1005Metric", "value": "100n", "mount_type": "smt", "place": true}, {"pos_x": -21.59, "pos_y": 8.5575, "rotation": -90.0, "side": "top", "designator": "D1", "mpn": null, "pack": "D_0805_2012Metric", "value": "LED", "mount_type": "smt", "place": true}, {"pos_x": -35.606, "pos_y": 7.06, "rotation": 90.0, "side": "top", "designator": "R4", "mpn": null, "pack": "R_0402_1005Metric", "value": "1k", "mount_type": "smt", "place": true}, {"pos_x": -12.178599, "pos_y": 30.525, "rotation": 0.0, "side": "top", "designator": "C4", "mpn": null, "pack": "CP_Radial_D4.0mm_P2.00mm", "value": "100u", "mount_type": "tht", "place": true}, {"pos_x": -37.579576, "pos_y": 21.414343, "rotation": 90.0, "side": "top", "designator": "C8", "mpn": null, "pack": "C_0402_1005Metric", "value": "100n", "mount_type": "smt", "place": true}, {"pos_x": -35.531, "pos_y": 32.55, "rotation": -90.0, "side": "top", "designator": "R2", "mpn": null, "pack": "R_0402_1005Metric", "value": "10k", "mount_type": "smt", "place": true}, {"pos_x": -47.326, "pos_y": 13.716, "rotation": 180.0, "side": "top", "designator": "C3", "mpn": null, "pack": "C_0402_1005Metric", "value": "10pf", "mount_type": "smt", "place": true}, {"pos_x": -55.626, "pos_y": 31.075, "rotation": -90.0, "side": "top", "designator": "J1", "mpn": null, "pack": "JST_XH_B4B-XH-A_1x04_P2.50mm_Vertical", "value": "BMP Debug1", "mount_type": "tht", "place": true}, {"pos_x": -25.626, "pos_y": 21.336, "rotation": 180.0, "side": "top", "designator": "C9", "mpn": null, "pack": "C_0402_1005Metric", "value": "100n", "mount_type": "smt", "place": true}, {"pos_x": -43.556, "pos_y": 18.6, "rotation": -90.0, "side": "top", "designator": "Y1", "mpn": null, "pack": "Crystal_HC49-U_Vertical", "value": "Crystal", "mount_type": "tht", "place": true}, {"pos_x": -47.376, "pos_y": 18.55, "rotation": 180.0, "side": "top", "designator": "C2", "mpn": null, "pack": "C_0402_1005Metric", "value": "10pf", "mount_type": "smt", "place": true}, {"pos_x": -37.134, "pos_y": 7.625, "rotation": 0.0, "side": "top", "designator": "R5", "mpn": null, "pack": "R_0402_1005Metric", "value": "1k", "mount_type": "smt", "place": true}, {"pos_x": -31.756, "pos_y": 15.15, "rotation": 0.0, "side": "top", "designator": "U1", "mpn": null, "pack": "LQFP-64_10x10mm_P0.5mm", "value": "CH32V303RCT6", "mount_type": "smt", "place": true}, {"pos_x": -19.812, "pos_y": 30.36, "rotation": -90.0, "side": "top", "designator": "J3", "mpn": null, "pack": "JST_XH_B4B-XH-A_1x04_P2.50mm_Vertical", "value": "Debug port", "mount_type": "tht", "place": true}]